id,firstname,lastname,email
437,Bettine,Donoghue,Bettine.Donoghue@yopmail.com
339,Sarette,Kermit,Sarette.Kermit@yopmail.com
791,Shauna,Iiette,Shauna.Iiette@yopmail.com
477,Christy,Isidore,Christy.Isidore@yopmail.com
247,Aryn,Burkle,Aryn.Burkle@yopmail.com
195,Nikki,Kevon,Nikki.Kevon@yopmail.com
291,Brooks,Therine,Brooks.Therine@yopmail.com
214,Elise,Ralfston,Elise.Ralfston@yopmail.com
719,Dania,Bibi,Dania.Bibi@yopmail.com
465,Camile,Ader,Camile.Ader@yopmail.com
282,Merrie,Raama,Merrie.Raama@yopmail.com
240,Michaelina,Goddard,Michaelina.Goddard@yopmail.com
954,Chloris,Sallyann,Chloris.Sallyann@yopmail.com
841,Amalie,Zaslow,Amalie.Zaslow@yopmail.com
875,Rozele,Goode,Rozele.Goode@yopmail.com
193,Dorothy,Vorster,Dorothy.Vorster@yopmail.com
744,Joelly,Joli,Joelly.Joli@yopmail.com
755,Lucy,Tamsky,Lucy.Tamsky@yopmail.com
705,Sean,Pernick,Sean.Pernick@yopmail.com
803,Stevana,Zachary,Stevana.Zachary@yopmail.com
691,Wendi,Sharl,Wendi.Sharl@yopmail.com
928,Shaine,Alisia,Shaine.Alisia@yopmail.com
645,Emmey,Dichy,Emmey.Dichy@yopmail.com
167,Jillayne,Gunn,Jillayne.Gunn@yopmail.com
805,Alleen,Heidt,Alleen.Heidt@yopmail.com
719,Jessy,Odysseus,Jessy.Odysseus@yopmail.com
517,Max,Seumas,Max.Seumas@yopmail.com
587,Aurore,Bollay,Aurore.Bollay@yopmail.com
437,Amelia,Joachim,Amelia.Joachim@yopmail.com
708,Gilda,Katrine,Gilda.Katrine@yopmail.com
362,Lacie,Goth,Lacie.Goth@yopmail.com
272,Rosaline,Gusella,Rosaline.Gusella@yopmail.com
134,Clo,Dorine,Clo.Dorine@yopmail.com
622,Roslyn,Kelula,Roslyn.Kelula@yopmail.com
439,Jemie,Delp,Jemie.Delp@yopmail.com
599,Ingrid,Hubert,Ingrid.Hubert@yopmail.com
910,Elise,Aldric,Elise.Aldric@yopmail.com
989,Dede,Fillbert,Dede.Fillbert@yopmail.com
548,Sissy,Prober,Sissy.Prober@yopmail.com
902,Arlena,Brady,Arlena.Brady@yopmail.com
841,Jennica,Arvo,Jennica.Arvo@yopmail.com
114,Wilma,Kendrick,Wilma.Kendrick@yopmail.com
755,Tersina,Lalitta,Tersina.Lalitta@yopmail.com
706,Ana,Francene,Ana.Francene@yopmail.com
604,Cassandra,Bonucci,Cassandra.Bonucci@yopmail.com
812,Louella,Bari,Louella.Bari@yopmail.com
524,Maridel,Rheingold,Maridel.Rheingold@yopmail.com
159,Inga,Mendez,Inga.Mendez@yopmail.com
445,Zondra,Euridice,Zondra.Euridice@yopmail.com
685,Fanny,Kathie,Fanny.Kathie@yopmail.com
121,Madelle,Hoban,Madelle.Hoban@yopmail.com
860,Rozele,Hunfredo,Rozele.Hunfredo@yopmail.com
938,Lorenza,Pandolfi,Lorenza.Pandolfi@yopmail.com
203,Ericka,Wolfgram,Ericka.Wolfgram@yopmail.com
294,Lauryn,Skurnik,Lauryn.Skurnik@yopmail.com
475,Lila,Elbertina,Lila.Elbertina@yopmail.com
798,Regina,Dituri,Regina.Dituri@yopmail.com
484,Jackie,Hollingsworth,Jackie.Hollingsworth@yopmail.com
122,Rosabelle,Amand,Rosabelle.Amand@yopmail.com
603,Carmela,Carmena,Carmela.Carmena@yopmail.com
693,Gerrie,Lissi,Gerrie.Lissi@yopmail.com
478,Karly,Dulciana,Karly.Dulciana@yopmail.com
171,Isa,Lareena,Isa.Lareena@yopmail.com
295,Rozele,Huggins,Rozele.Huggins@yopmail.com
646,Dorothy,Dominy,Dorothy.Dominy@yopmail.com
430,Berta,McGrody,Berta.McGrody@yopmail.com
370,Claresta,Sancho,Claresta.Sancho@yopmail.com
350,Keelia,Pacorro,Keelia.Pacorro@yopmail.com
255,Debee,Vittoria,Debee.Vittoria@yopmail.com
445,Dacia,Docilla,Dacia.Docilla@yopmail.com
506,Chastity,Garlinda,Chastity.Garlinda@yopmail.com
104,Hyacinthe,Joni,Hyacinthe.Joni@yopmail.com
537,Viki,Alrich,Viki.Alrich@yopmail.com
986,Bibby,Santoro,Bibby.Santoro@yopmail.com
148,Ileana,Jalbert,Ileana.Jalbert@yopmail.com
869,Sandie,Viddah,Sandie.Viddah@yopmail.com
510,Yetty,Bennie,Yetty.Bennie@yopmail.com
313,Bill,Jobi,Bill.Jobi@yopmail.com
711,Gilligan,Sharl,Gilligan.Sharl@yopmail.com
140,Gloria,Cressida,Gloria.Cressida@yopmail.com
974,Yolane,Rese,Yolane.Rese@yopmail.com
758,Phylis,Wind,Phylis.Wind@yopmail.com
859,Emilia,Mandler,Emilia.Mandler@yopmail.com
625,Minda,Dreda,Minda.Dreda@yopmail.com
499,Brena,Joeann,Brena.Joeann@yopmail.com
155,Lizzie,Rugen,Lizzie.Rugen@yopmail.com
823,Maud,Naashom,Maud.Naashom@yopmail.com
225,Dianemarie,Felecia,Dianemarie.Felecia@yopmail.com
691,Lynnea,Odysseus,Lynnea.Odysseus@yopmail.com
374,Leia,Hachmin,Leia.Hachmin@yopmail.com
513,June,Hebner,June.Hebner@yopmail.com
623,Brynna,Vittoria,Brynna.Vittoria@yopmail.com
568,Eugine,Mendez,Eugine.Mendez@yopmail.com
532,Beatriz,Meli,Beatriz.Meli@yopmail.com
338,Marinna,Meli,Marinna.Meli@yopmail.com
685,Arlena,Martsen,Arlena.Martsen@yopmail.com
964,Babita,Lesley,Babita.Lesley@yopmail.com
279,Shell,Lowry,Shell.Lowry@yopmail.com
813,Vita,Tillford,Vita.Tillford@yopmail.com
646,Morganica,Etom,Morganica.Etom@yopmail.com
108,Tersina,Morehouse,Tersina.Morehouse@yopmail.com
652,Jillayne,Kazimir,Jillayne.Kazimir@yopmail.com
366,Angela,Ackerley,Angela.Ackerley@yopmail.com
359,Marsiella,Masao,Marsiella.Masao@yopmail.com
230,Anica,McCutcheon,Anica.McCutcheon@yopmail.com
574,Goldie,Teddman,Goldie.Teddman@yopmail.com
469,Blake,Greyson,Blake.Greyson@yopmail.com
590,Wanda,Esmaria,Wanda.Esmaria@yopmail.com
357,Dania,Travax,Dania.Travax@yopmail.com
749,Phylis,Bonucci,Phylis.Bonucci@yopmail.com
491,Deirdre,Caitlin,Deirdre.Caitlin@yopmail.com
446,Olivette,Pulsifer,Olivette.Pulsifer@yopmail.com
534,Nelle,Charity,Nelle.Charity@yopmail.com
565,Joceline,Thornburg,Joceline.Thornburg@yopmail.com
923,Janeczka,Marijo,Janeczka.Marijo@yopmail.com
593,Lanna,Harriman,Lanna.Harriman@yopmail.com
597,Blinni,Bord,Blinni.Bord@yopmail.com
889,Eolanda,Brotherson,Eolanda.Brotherson@yopmail.com
328,Morganica,Cornelia,Morganica.Cornelia@yopmail.com
992,Alexine,Sibyls,Alexine.Sibyls@yopmail.com
931,Eadie,Carleen,Eadie.Carleen@yopmail.com
145,Kelly,Monk,Kelly.Monk@yopmail.com
857,Jaclyn,Kamaria,Jaclyn.Kamaria@yopmail.com
855,Kylynn,Hieronymus,Kylynn.Hieronymus@yopmail.com
955,Ann-Marie,Sharl,Ann-Marie.Sharl@yopmail.com
722,Lita,Rodmann,Lita.Rodmann@yopmail.com
179,Jenilee,Laurianne,Jenilee.Laurianne@yopmail.com
457,Marcelline,Reneta,Marcelline.Reneta@yopmail.com
637,Aubrie,Bartlett,Aubrie.Bartlett@yopmail.com
657,Desirae,Fontana,Desirae.Fontana@yopmail.com
172,Feliza,Schonfeld,Feliza.Schonfeld@yopmail.com
357,Deane,Leopold,Deane.Leopold@yopmail.com
488,Alex,Faro,Alex.Faro@yopmail.com
859,Fina,Noman,Fina.Noman@yopmail.com
506,Dyann,Selway,Dyann.Selway@yopmail.com
992,Lelah,Birdella,Lelah.Birdella@yopmail.com
483,Brandise,Cookie,Brandise.Cookie@yopmail.com
703,Dulcinea,Bibi,Dulcinea.Bibi@yopmail.com
768,Amara,Hubert,Amara.Hubert@yopmail.com
165,Vonny,Sisile,Vonny.Sisile@yopmail.com
951,Carilyn,Rubie,Carilyn.Rubie@yopmail.com
759,Fidelia,Prober,Fidelia.Prober@yopmail.com
984,Maryellen,Schroth,Maryellen.Schroth@yopmail.com
807,Ronna,Valerio,Ronna.Valerio@yopmail.com
160,Ermengarde,Boehike,Ermengarde.Boehike@yopmail.com
793,Genovera,Phyllis,Genovera.Phyllis@yopmail.com
467,Mathilda,Chrystel,Mathilda.Chrystel@yopmail.com
659,Tonia,Neva,Tonia.Neva@yopmail.com
979,Edee,Hermes,Edee.Hermes@yopmail.com
584,Jacquetta,Dichy,Jacquetta.Dichy@yopmail.com
801,Sidoney,Rosette,Sidoney.Rosette@yopmail.com
844,Tamqrah,Fillbert,Tamqrah.Fillbert@yopmail.com
752,Vivia,Bronk,Vivia.Bronk@yopmail.com
632,Marti,Kiersten,Marti.Kiersten@yopmail.com
131,Brana,Riva,Brana.Riva@yopmail.com
397,Zaria,Wildermuth,Zaria.Wildermuth@yopmail.com
156,Betta,Girardo,Betta.Girardo@yopmail.com
754,Elmira,Sinegold,Elmira.Sinegold@yopmail.com
820,Gertrud,Destinee,Gertrud.Destinee@yopmail.com
150,Cassandra,Eachern,Cassandra.Eachern@yopmail.com
526,Teddie,Ambrosia,Teddie.Ambrosia@yopmail.com
971,Norine,Ciapas,Norine.Ciapas@yopmail.com
341,Delilah,Meli,Delilah.Meli@yopmail.com
335,Renae,Salvidor,Renae.Salvidor@yopmail.com
277,Brandise,Ethban,Brandise.Ethban@yopmail.com
245,Antonietta,Kolnick,Antonietta.Kolnick@yopmail.com
435,Berget,McLaughlin,Berget.McLaughlin@yopmail.com
207,Angela,Meter,Angela.Meter@yopmail.com
747,Phylis,Lail,Phylis.Lail@yopmail.com
167,Daune,Dalli,Daune.Dalli@yopmail.com
344,Aryn,Sperling,Aryn.Sperling@yopmail.com
326,Tracey,Louanna,Tracey.Louanna@yopmail.com
428,Britni,Rosemary,Britni.Rosemary@yopmail.com
637,Daphne,Schwejda,Daphne.Schwejda@yopmail.com
484,Joceline,Romelda,Joceline.Romelda@yopmail.com
816,Roz,Ax,Roz.Ax@yopmail.com
466,Giustina,Fillbert,Giustina.Fillbert@yopmail.com
353,Edith,Carmena,Edith.Carmena@yopmail.com
503,Merci,Nisbet,Merci.Nisbet@yopmail.com
418,Atlanta,Etom,Atlanta.Etom@yopmail.com
792,Brianna,McClimans,Brianna.McClimans@yopmail.com
610,Dagmar,Lasley,Dagmar.Lasley@yopmail.com
458,Marjie,Corrine,Marjie.Corrine@yopmail.com
704,Steffane,Greyson,Steffane.Greyson@yopmail.com
507,Kirbee,Magnolia,Kirbee.Magnolia@yopmail.com
182,Diena,Ummersen,Diena.Ummersen@yopmail.com
182,Kathi,Justinn,Kathi.Justinn@yopmail.com
949,Zondra,Tryck,Zondra.Tryck@yopmail.com
164,Pearline,Nunci,Pearline.Nunci@yopmail.com
182,Alie,Even,Alie.Even@yopmail.com
694,Devina,Kinnard,Devina.Kinnard@yopmail.com
125,Maridel,Winnick,Maridel.Winnick@yopmail.com
839,Althea,Madaih,Althea.Madaih@yopmail.com
799,Rosaline,Si,Rosaline.Si@yopmail.com
722,Maye,Abernon,Maye.Abernon@yopmail.com
521,Robinia,Cloris,Robinia.Cloris@yopmail.com
462,Lelah,Chem,Lelah.Chem@yopmail.com
944,Mignon,Howlyn,Mignon.Howlyn@yopmail.com
569,Roseline,Revkah,Roseline.Revkah@yopmail.com
315,Raina,Cosenza,Raina.Cosenza@yopmail.com
894,Corina,Nelsen,Corina.Nelsen@yopmail.com
850,Sidoney,Blisse,Sidoney.Blisse@yopmail.com
894,Chandra,Gladstone,Chandra.Gladstone@yopmail.com
945,Rochette,Bendick,Rochette.Bendick@yopmail.com
520,Catrina,Ferrell,Catrina.Ferrell@yopmail.com
312,Gerianna,Freddi,Gerianna.Freddi@yopmail.com
703,Coral,Mayeda,Coral.Mayeda@yopmail.com
184,Doro,Lane,Doro.Lane@yopmail.com
740,Rochette,Jacqui,Rochette.Jacqui@yopmail.com
236,Lexine,Koehler,Lexine.Koehler@yopmail.com
766,Theodora,Valoniah,Theodora.Valoniah@yopmail.com
397,Dominga,Mendez,Dominga.Mendez@yopmail.com
574,Maridel,Alice,Maridel.Alice@yopmail.com
741,Jsandye,Yerkovich,Jsandye.Yerkovich@yopmail.com
937,Kelly,Kathie,Kelly.Kathie@yopmail.com
957,Britni,Bronk,Britni.Bronk@yopmail.com
252,Reeba,Johanna,Reeba.Johanna@yopmail.com
960,Mathilda,Martsen,Mathilda.Martsen@yopmail.com
278,Elena,Ogren,Elena.Ogren@yopmail.com
524,Asia,Engdahl,Asia.Engdahl@yopmail.com
329,Mignon,Zeeba,Mignon.Zeeba@yopmail.com
651,Jeanna,Lory,Jeanna.Lory@yopmail.com
121,Alleen,Atonsah,Alleen.Atonsah@yopmail.com
839,Andree,Hertzfeld,Andree.Hertzfeld@yopmail.com
939,Dyann,Salvidor,Dyann.Salvidor@yopmail.com
994,Ardenia,Florina,Ardenia.Florina@yopmail.com
272,Veda,Nance,Veda.Nance@yopmail.com
946,Elie,Rebecka,Elie.Rebecka@yopmail.com
348,Fidelia,Fadiman,Fidelia.Fadiman@yopmail.com
496,Jacquetta,Clara,Jacquetta.Clara@yopmail.com
391,Kenna,Lory,Kenna.Lory@yopmail.com
261,Molli,Old,Molli.Old@yopmail.com
725,Kara-Lynn,Fadiman,Kara-Lynn.Fadiman@yopmail.com
639,Ana,Lytton,Ana.Lytton@yopmail.com
516,Mellicent,Wenda,Mellicent.Wenda@yopmail.com
348,Jean,Lowry,Jean.Lowry@yopmail.com
806,Collen,Diogenes,Collen.Diogenes@yopmail.com
688,Tilly,Parsaye,Tilly.Parsaye@yopmail.com
759,Sidoney,Gwenore,Sidoney.Gwenore@yopmail.com
771,Rosabelle,Wildermuth,Rosabelle.Wildermuth@yopmail.com
813,Ekaterina,Reinke,Ekaterina.Reinke@yopmail.com
287,Alexine,Wyn,Alexine.Wyn@yopmail.com
774,June,Leifeste,June.Leifeste@yopmail.com
687,Briney,Jacqui,Briney.Jacqui@yopmail.com
319,Lulita,Colbert,Lulita.Colbert@yopmail.com
103,Bobbi,Maples,Bobbi.Maples@yopmail.com
959,Marcelline,Rona,Marcelline.Rona@yopmail.com
670,Livvyy,Gombach,Livvyy.Gombach@yopmail.com
161,Selia,Whiffen,Selia.Whiffen@yopmail.com
360,Ottilie,Phi,Ottilie.Phi@yopmail.com
731,Gretal,Delacourt,Gretal.Delacourt@yopmail.com
365,Cindelyn,Septima,Cindelyn.Septima@yopmail.com
297,Kathi,Lasley,Kathi.Lasley@yopmail.com
703,Marguerite,Poppy,Marguerite.Poppy@yopmail.com
105,Neila,Milde,Neila.Milde@yopmail.com
912,Doralynne,Andrel,Doralynne.Andrel@yopmail.com
568,Fidelia,Diogenes,Fidelia.Diogenes@yopmail.com
966,Ida,Vilma,Ida.Vilma@yopmail.com
820,Millie,Brieta,Millie.Brieta@yopmail.com
752,Giustina,Malina,Giustina.Malina@yopmail.com
975,Vinita,Urania,Vinita.Urania@yopmail.com
706,Tressa,Carri,Tressa.Carri@yopmail.com
988,Shell,Ashok,Shell.Ashok@yopmail.com
388,Ardys,Parette,Ardys.Parette@yopmail.com
824,Tarra,Ophelia,Tarra.Ophelia@yopmail.com
225,Hannis,Toffic,Hannis.Toffic@yopmail.com
674,Jerry,Ajay,Jerry.Ajay@yopmail.com
551,Mamie,Felecia,Mamie.Felecia@yopmail.com
654,Adelle,Engdahl,Adelle.Engdahl@yopmail.com
215,Adriana,Roxanna,Adriana.Roxanna@yopmail.com
166,Elvira,Creamer,Elvira.Creamer@yopmail.com
992,Annaliese,Leffen,Annaliese.Leffen@yopmail.com
462,Lorne,Dearborn,Lorne.Dearborn@yopmail.com
417,Alejandra,Toffic,Alejandra.Toffic@yopmail.com
998,Eve,Secrest,Eve.Secrest@yopmail.com
969,Ileana,Grobe,Ileana.Grobe@yopmail.com
624,Thalia,Bohlin,Thalia.Bohlin@yopmail.com
666,Maud,Wattenberg,Maud.Wattenberg@yopmail.com
682,Susan,Japeth,Susan.Japeth@yopmail.com
967,Verla,Scammon,Verla.Scammon@yopmail.com
947,Annaliese,Fitzsimmons,Annaliese.Fitzsimmons@yopmail.com
214,Wilma,Smitt,Wilma.Smitt@yopmail.com
693,Kittie,Durware,Kittie.Durware@yopmail.com
156,Kayla,Timon,Kayla.Timon@yopmail.com
845,Tiffie,Harl,Tiffie.Harl@yopmail.com
605,Adele,Autrey,Adele.Autrey@yopmail.com
401,Di,Riordan,Di.Riordan@yopmail.com
917,Zondra,Tengdin,Zondra.Tengdin@yopmail.com
983,Elora,Kunin,Elora.Kunin@yopmail.com
592,Henriette,Juan,Henriette.Juan@yopmail.com
492,Meriel,Mozelle,Meriel.Mozelle@yopmail.com
498,Rebeca,Vernier,Rebeca.Vernier@yopmail.com
631,Randa,Abernon,Randa.Abernon@yopmail.com
646,Katuscha,Alejoa,Katuscha.Alejoa@yopmail.com
456,Danika,Alarise,Danika.Alarise@yopmail.com
839,Blondelle,Tomasina,Blondelle.Tomasina@yopmail.com
143,Adele,Shirberg,Adele.Shirberg@yopmail.com
491,Anestassia,Chem,Anestassia.Chem@yopmail.com
944,Dennie,Emmaline,Dennie.Emmaline@yopmail.com
373,Carmela,Engdahl,Carmela.Engdahl@yopmail.com
329,Beverley,Mozelle,Beverley.Mozelle@yopmail.com
787,Alleen,Sundin,Alleen.Sundin@yopmail.com
955,Aryn,Wesle,Aryn.Wesle@yopmail.com
727,Cordi,Lytton,Cordi.Lytton@yopmail.com
442,Karlee,Karl,Karlee.Karl@yopmail.com
700,Blondelle,Jagir,Blondelle.Jagir@yopmail.com
883,Ardys,Lytton,Ardys.Lytton@yopmail.com
488,Brandise,Alisia,Brandise.Alisia@yopmail.com
674,Sibella,Marcellus,Sibella.Marcellus@yopmail.com
342,Renae,Liva,Renae.Liva@yopmail.com
550,Mureil,Kiyoshi,Mureil.Kiyoshi@yopmail.com
816,Cathie,Brandice,Cathie.Brandice@yopmail.com
484,Belinda,Tayib,Belinda.Tayib@yopmail.com
297,Candy,Khorma,Candy.Khorma@yopmail.com
178,Penelopa,Poppy,Penelopa.Poppy@yopmail.com
927,Olivette,Westphal,Olivette.Westphal@yopmail.com
493,Gloria,Abram,Gloria.Abram@yopmail.com
446,Violet,Delacourt,Violet.Delacourt@yopmail.com
845,Marline,Rurik,Marline.Rurik@yopmail.com
559,Betta,Rosalba,Betta.Rosalba@yopmail.com
965,Mariann,Agle,Mariann.Agle@yopmail.com
396,Jinny,My,Jinny.My@yopmail.com
755,Penelopa,Marcellus,Penelopa.Marcellus@yopmail.com
602,Elie,Johanna,Elie.Johanna@yopmail.com
533,Stacey,Sparhawk,Stacey.Sparhawk@yopmail.com
768,Kara-Lynn,Adlare,Kara-Lynn.Adlare@yopmail.com
450,Odessa,Allina,Odessa.Allina@yopmail.com
295,Kenna,My,Kenna.My@yopmail.com
906,Jan,Grobe,Jan.Grobe@yopmail.com
122,Rani,Pierette,Rani.Pierette@yopmail.com
825,Karena,Emanuel,Karena.Emanuel@yopmail.com
420,Roberta,Sherfield,Roberta.Sherfield@yopmail.com
785,Carly,Peonir,Carly.Peonir@yopmail.com
749,Veda,Grayce,Veda.Grayce@yopmail.com
383,Rosaline,Uird,Rosaline.Uird@yopmail.com
888,Sue,Erminia,Sue.Erminia@yopmail.com
308,Wendi,Dex,Wendi.Dex@yopmail.com
159,Suzette,Winthorpe,Suzette.Winthorpe@yopmail.com
407,Edee,Hashim,Edee.Hashim@yopmail.com
856,Gusty,Merna,Gusty.Merna@yopmail.com
725,Cam,Craggie,Cam.Craggie@yopmail.com
183,Sheree,Malanie,Sheree.Malanie@yopmail.com
620,Ethel,Rudolph,Ethel.Rudolph@yopmail.com
102,Ofilia,Longfellow,Ofilia.Longfellow@yopmail.com
614,Rozele,Han,Rozele.Han@yopmail.com
650,Gwyneth,Hillel,Gwyneth.Hillel@yopmail.com
438,Dulce,Marden,Dulce.Marden@yopmail.com
155,Collen,Ortrude,Collen.Ortrude@yopmail.com
234,Marita,Redmond,Marita.Redmond@yopmail.com
588,Rosanne,Dearborn,Rosanne.Dearborn@yopmail.com
763,Ronna,Nunci,Ronna.Nunci@yopmail.com
256,Jere,Prober,Jere.Prober@yopmail.com
993,Felice,Terencio,Felice.Terencio@yopmail.com
851,Vonny,Baylor,Vonny.Baylor@yopmail.com
268,Belva,Fink,Belva.Fink@yopmail.com
163,Blondelle,Kenney,Blondelle.Kenney@yopmail.com
797,Ginnie,Annice,Ginnie.Annice@yopmail.com
177,Joelly,Felizio,Joelly.Felizio@yopmail.com
723,Alejandra,Lasley,Alejandra.Lasley@yopmail.com
528,Elie,Braun,Elie.Braun@yopmail.com
395,Delilah,Dichy,Delilah.Dichy@yopmail.com
345,Tonia,Roxanna,Tonia.Roxanna@yopmail.com
150,Brooks,Haerr,Brooks.Haerr@yopmail.com
407,Verla,Mandler,Verla.Mandler@yopmail.com
268,Augustine,Carey,Augustine.Carey@yopmail.com
921,Caressa,Baudin,Caressa.Baudin@yopmail.com
558,Johna,Taima,Johna.Taima@yopmail.com
961,Ida,Seligman,Ida.Seligman@yopmail.com
721,Emilia,Joli,Emilia.Joli@yopmail.com
707,Gui,Janene,Gui.Janene@yopmail.com
702,Ericka,Sekofski,Ericka.Sekofski@yopmail.com
131,Cordi,Valoniah,Cordi.Valoniah@yopmail.com
652,Kassey,Wareing,Kassey.Wareing@yopmail.com
964,Rosabelle,Orelee,Rosabelle.Orelee@yopmail.com
115,Marnia,Tufts,Marnia.Tufts@yopmail.com
817,Karena,Fairweather,Karena.Fairweather@yopmail.com
903,Abbie,Skell,Abbie.Skell@yopmail.com
466,Babita,Nerita,Babita.Nerita@yopmail.com
257,Alleen,Sabella,Alleen.Sabella@yopmail.com
316,Bernardine,Helve,Bernardine.Helve@yopmail.com
756,Priscilla,Mitzi,Priscilla.Mitzi@yopmail.com
284,Lanna,Soneson,Lanna.Soneson@yopmail.com
435,Dania,Janith,Dania.Janith@yopmail.com
290,Linzy,Helve,Linzy.Helve@yopmail.com
224,Robinia,Noam,Robinia.Noam@yopmail.com
903,Lanae,Roxanna,Lanae.Roxanna@yopmail.com
398,Kayla,Candy,Kayla.Candy@yopmail.com
428,Devina,Bearnard,Devina.Bearnard@yopmail.com
968,Tiffie,Emmy,Tiffie.Emmy@yopmail.com
858,Sallie,Sadowski,Sallie.Sadowski@yopmail.com
846,Brianna,Hutchison,Brianna.Hutchison@yopmail.com
102,Glenda,Dom,Glenda.Dom@yopmail.com
822,Brandise,Standing,Brandise.Standing@yopmail.com
875,Emma,Geffner,Emma.Geffner@yopmail.com
814,Netty,Colleen,Netty.Colleen@yopmail.com
882,Gaylene,Zitvaa,Gaylene.Zitvaa@yopmail.com
560,Eugine,Ochs,Eugine.Ochs@yopmail.com
100,Agathe,Stephie,Agathe.Stephie@yopmail.com
723,Mahalia,Rugen,Mahalia.Rugen@yopmail.com
372,Rosabelle,Ariella,Rosabelle.Ariella@yopmail.com
577,Desirae,Gavrila,Desirae.Gavrila@yopmail.com
784,Nonnah,Alisia,Nonnah.Alisia@yopmail.com
370,Inga,Odell,Inga.Odell@yopmail.com
744,Berget,Chinua,Berget.Chinua@yopmail.com
598,Aimil,Bibi,Aimil.Bibi@yopmail.com
242,Marcy,Mendez,Marcy.Mendez@yopmail.com
956,Thalia,Ashok,Thalia.Ashok@yopmail.com
924,Dania,Alice,Dania.Alice@yopmail.com
349,Madelle,Richers,Madelle.Richers@yopmail.com
288,Madalyn,Old,Madalyn.Old@yopmail.com
769,Kalina,Haerr,Kalina.Haerr@yopmail.com
363,Carilyn,Marijo,Carilyn.Marijo@yopmail.com
568,Cathie,Liva,Cathie.Liva@yopmail.com
572,Veda,Haldas,Veda.Haldas@yopmail.com
994,Rayna,Henebry,Rayna.Henebry@yopmail.com
749,Fayre,Gusella,Fayre.Gusella@yopmail.com
839,Brena,Dom,Brena.Dom@yopmail.com
354,Tabbatha,Dorine,Tabbatha.Dorine@yopmail.com
186,Dulcinea,Parsaye,Dulcinea.Parsaye@yopmail.com
181,Cassandra,Hillel,Cassandra.Hillel@yopmail.com
725,Julieta,Jerold,Julieta.Jerold@yopmail.com
548,Jeanna,Lacombe,Jeanna.Lacombe@yopmail.com
923,Ariela,Annice,Ariela.Annice@yopmail.com
865,Melanie,Wolfgram,Melanie.Wolfgram@yopmail.com
441,Myriam,Carri,Myriam.Carri@yopmail.com
176,Siana,Norrie,Siana.Norrie@yopmail.com
330,Pearline,Fleeta,Pearline.Fleeta@yopmail.com
411,Melisent,Ulphia,Melisent.Ulphia@yopmail.com
726,Marika,Ehrman,Marika.Ehrman@yopmail.com
875,Rosaline,Lail,Rosaline.Lail@yopmail.com
681,Brietta,Crudden,Brietta.Crudden@yopmail.com
759,Nita,Bivins,Nita.Bivins@yopmail.com
967,Jordan,Maurine,Jordan.Maurine@yopmail.com
360,Donetta,Olympium,Donetta.Olympium@yopmail.com
237,Dotty,Remmer,Dotty.Remmer@yopmail.com
406,Winny,Nunci,Winny.Nunci@yopmail.com
295,Loree,Ortrude,Loree.Ortrude@yopmail.com
282,Lorne,Argus,Lorne.Argus@yopmail.com
457,Leanna,Saint,Leanna.Saint@yopmail.com
211,Kaja,Hull,Kaja.Hull@yopmail.com
931,Dari,Alabaster,Dari.Alabaster@yopmail.com
428,Kimmy,Holtz,Kimmy.Holtz@yopmail.com
486,Jillayne,Kelula,Jillayne.Kelula@yopmail.com
825,Brena,Fink,Brena.Fink@yopmail.com
366,Elyssa,Truc,Elyssa.Truc@yopmail.com
361,Rozele,Travax,Rozele.Travax@yopmail.com
823,Trudie,Charmine,Trudie.Charmine@yopmail.com
237,Rivalee,Terrence,Rivalee.Terrence@yopmail.com
443,Gerrie,Milde,Gerrie.Milde@yopmail.com
734,Talya,Zina,Talya.Zina@yopmail.com
364,Hollie,Bakerman,Hollie.Bakerman@yopmail.com
590,Zsa Zsa,Maryanne,Zsa Zsa.Maryanne@yopmail.com
816,Lita,Harned,Lita.Harned@yopmail.com
822,Gusella,Raama,Gusella.Raama@yopmail.com
824,Shirlee,Elo,Shirlee.Elo@yopmail.com
991,Neila,Justinn,Neila.Justinn@yopmail.com
478,Angelique,Macey,Angelique.Macey@yopmail.com
130,Ashlee,Gibbeon,Ashlee.Gibbeon@yopmail.com
887,Maye,Felizio,Maye.Felizio@yopmail.com
1000,Pollyanna,Vary,Pollyanna.Vary@yopmail.com
144,Shauna,Blake,Shauna.Blake@yopmail.com
546,Kary,Fulmer,Kary.Fulmer@yopmail.com
121,Wynne,Hortensia,Wynne.Hortensia@yopmail.com
576,Tierney,Sandye,Tierney.Sandye@yopmail.com
267,Valeda,Faso,Valeda.Faso@yopmail.com
125,Willetta,Parette,Willetta.Parette@yopmail.com
675,Roxane,Ailyn,Roxane.Ailyn@yopmail.com
836,Bernie,Doig,Bernie.Doig@yopmail.com
516,Sharai,Deegan,Sharai.Deegan@yopmail.com
789,Sissy,Othilia,Sissy.Othilia@yopmail.com
857,Harrietta,Miru,Harrietta.Miru@yopmail.com
334,Gusella,Bobbee,Gusella.Bobbee@yopmail.com
710,Dede,Ivens,Dede.Ivens@yopmail.com
290,Caryl,Tamar,Caryl.Tamar@yopmail.com
827,Gerianna,Fry,Gerianna.Fry@yopmail.com
872,Evita,Fosque,Evita.Fosque@yopmail.com
573,Corry,Maroney,Corry.Maroney@yopmail.com
470,Ariela,Mathilde,Ariela.Mathilde@yopmail.com
475,Eolanda,Madelene,Eolanda.Madelene@yopmail.com
265,Jessy,Greyson,Jessy.Greyson@yopmail.com
152,Joelly,Toni,Joelly.Toni@yopmail.com
689,Lita,Izaak,Lita.Izaak@yopmail.com
474,Brandise,Georgy,Brandise.Georgy@yopmail.com
519,Lory,Vharat,Lory.Vharat@yopmail.com
119,Ottilie,Mott,Ottilie.Mott@yopmail.com
229,Rebeca,Mauer,Rebeca.Mauer@yopmail.com
348,Ardenia,Annice,Ardenia.Annice@yopmail.com
401,Goldie,Auberbach,Goldie.Auberbach@yopmail.com
171,Madelle,Friede,Madelle.Friede@yopmail.com
912,Lorne,An,Lorne.An@yopmail.com
938,Brooks,Astra,Brooks.Astra@yopmail.com
161,Pollyanna,Penelopa,Pollyanna.Penelopa@yopmail.com
870,Catrina,Tristram,Catrina.Tristram@yopmail.com
796,Brana,Marlie,Brana.Marlie@yopmail.com
969,Amalie,Meli,Amalie.Meli@yopmail.com
713,Codie,Socha,Codie.Socha@yopmail.com
843,Antonietta,Hieronymus,Antonietta.Hieronymus@yopmail.com
712,Therine,Wolfgram,Therine.Wolfgram@yopmail.com
267,Konstance,Redmond,Konstance.Redmond@yopmail.com
476,Collen,Gemini,Collen.Gemini@yopmail.com
219,Maud,Ciapas,Maud.Ciapas@yopmail.com
614,Ardenia,Ogren,Ardenia.Ogren@yopmail.com
559,Elyssa,Ackerley,Elyssa.Ackerley@yopmail.com
807,Roz,Lorenz,Roz.Lorenz@yopmail.com
481,Talya,Willie,Talya.Willie@yopmail.com
499,Aimil,Nadia,Aimil.Nadia@yopmail.com
224,Bobbi,Aprile,Bobbi.Aprile@yopmail.com
116,Eadie,Levey,Eadie.Levey@yopmail.com
983,Clarice,Camden,Clarice.Camden@yopmail.com
478,Louella,Baudin,Louella.Baudin@yopmail.com
477,Dorthy,Ader,Dorthy.Ader@yopmail.com
672,Sindee,Cookie,Sindee.Cookie@yopmail.com
781,Sashenka,Wittie,Sashenka.Wittie@yopmail.com
540,Tierney,Pitt,Tierney.Pitt@yopmail.com
783,Linet,Lesley,Linet.Lesley@yopmail.com
949,Suzette,Kinnard,Suzette.Kinnard@yopmail.com
475,Rori,Frendel,Rori.Frendel@yopmail.com
303,Taffy,Hoenack,Taffy.Hoenack@yopmail.com
349,Belinda,Fontana,Belinda.Fontana@yopmail.com
413,Brietta,Zrike,Brietta.Zrike@yopmail.com
292,Noelle,Pelagias,Noelle.Pelagias@yopmail.com
314,Nadine,Hutchison,Nadine.Hutchison@yopmail.com
943,Malina,Angelis,Malina.Angelis@yopmail.com
579,Lizzie,Ranjiv,Lizzie.Ranjiv@yopmail.com
274,Tonia,Decato,Tonia.Decato@yopmail.com
465,Olwen,Merell,Olwen.Merell@yopmail.com
977,Marcy,Hessler,Marcy.Hessler@yopmail.com
807,Doro,Obed,Doro.Obed@yopmail.com
762,Nyssa,Lia,Nyssa.Lia@yopmail.com
770,Arlena,Malvino,Arlena.Malvino@yopmail.com
129,Lorne,Pearse,Lorne.Pearse@yopmail.com
401,Lyssa,Ax,Lyssa.Ax@yopmail.com
104,Silvana,Wittie,Silvana.Wittie@yopmail.com
109,Carilyn,Alcott,Carilyn.Alcott@yopmail.com
754,Andeee,Oriana,Andeee.Oriana@yopmail.com
650,Lanna,Fink,Lanna.Fink@yopmail.com
924,Kara-Lynn,August,Kara-Lynn.August@yopmail.com
410,Mariann,Braun,Mariann.Braun@yopmail.com
536,Marcy,Boehike,Marcy.Boehike@yopmail.com
275,Anallese,Reidar,Anallese.Reidar@yopmail.com
503,Gerrie,Morehouse,Gerrie.Morehouse@yopmail.com
865,Lolita,Lorenz,Lolita.Lorenz@yopmail.com
932,Maurene,Havens,Maurene.Havens@yopmail.com
200,Nerta,Greyson,Nerta.Greyson@yopmail.com
262,Kate,Atonsah,Kate.Atonsah@yopmail.com
269,Leona,Daniele,Leona.Daniele@yopmail.com
796,Dale,Zenas,Dale.Zenas@yopmail.com
329,Riannon,Allare,Riannon.Allare@yopmail.com
273,Ketti,Fillbert,Ketti.Fillbert@yopmail.com
113,Vere,McGrody,Vere.McGrody@yopmail.com
845,Wileen,Cleavland,Wileen.Cleavland@yopmail.com
595,Brianna,Wildermuth,Brianna.Wildermuth@yopmail.com
421,Celene,Casimir,Celene.Casimir@yopmail.com
115,Theodora,Shaddock,Theodora.Shaddock@yopmail.com
528,Concettina,Hessler,Concettina.Hessler@yopmail.com
357,Basia,Baylor,Basia.Baylor@yopmail.com
141,Rhoda,Trey,Rhoda.Trey@yopmail.com
616,Oona,Goerke,Oona.Goerke@yopmail.com
588,Jany,Monaco,Jany.Monaco@yopmail.com
573,Misha,Jacobah,Misha.Jacobah@yopmail.com
699,Ernesta,Greenwald,Ernesta.Greenwald@yopmail.com
412,Amara,Rubie,Amara.Rubie@yopmail.com
271,Michaelina,Tengdin,Michaelina.Tengdin@yopmail.com
365,Darci,Anselmi,Darci.Anselmi@yopmail.com
626,Cindelyn,Argus,Cindelyn.Argus@yopmail.com
889,Gerrie,Quent,Gerrie.Quent@yopmail.com
535,Orelia,Poll,Orelia.Poll@yopmail.com
499,Peri,Simmonds,Peri.Simmonds@yopmail.com
585,Aili,Mozelle,Aili.Mozelle@yopmail.com
426,Livvyy,Birdella,Livvyy.Birdella@yopmail.com
678,Sue,Fleeta,Sue.Fleeta@yopmail.com
581,Georgina,Rolf,Georgina.Rolf@yopmail.com
594,Nelle,Ruvolo,Nelle.Ruvolo@yopmail.com
891,Ida,Romelda,Ida.Romelda@yopmail.com
983,Raina,Nore,Raina.Nore@yopmail.com
310,Felice,Tarrant,Felice.Tarrant@yopmail.com
182,Corina,Cyrie,Corina.Cyrie@yopmail.com
743,Netty,Clara,Netty.Clara@yopmail.com
476,Yvonne,Martguerita,Yvonne.Martguerita@yopmail.com
626,Trudie,Terencio,Trudie.Terencio@yopmail.com
563,Michaelina,Morehouse,Michaelina.Morehouse@yopmail.com
779,Lolita,Dudley,Lolita.Dudley@yopmail.com
916,Susan,Haldas,Susan.Haldas@yopmail.com
178,Kellen,Harriman,Kellen.Harriman@yopmail.com
419,Maud,Maisey,Maud.Maisey@yopmail.com
103,Nessie,Stacy,Nessie.Stacy@yopmail.com
425,Brandise,Denis,Brandise.Denis@yopmail.com
855,Elfreda,Georgy,Elfreda.Georgy@yopmail.com
958,Lacie,Shanley,Lacie.Shanley@yopmail.com
525,Anallese,Fredi,Anallese.Fredi@yopmail.com
364,Binny,Ilka,Binny.Ilka@yopmail.com
836,Stephanie,Dannye,Stephanie.Dannye@yopmail.com
540,Kore,Burkle,Kore.Burkle@yopmail.com
403,Minne,Carbo,Minne.Carbo@yopmail.com
141,Oona,Berard,Oona.Berard@yopmail.com
526,Madelle,Hanshaw,Madelle.Hanshaw@yopmail.com
872,Ida,Even,Ida.Even@yopmail.com
202,Randa,Girardo,Randa.Girardo@yopmail.com
716,Merry,Lissi,Merry.Lissi@yopmail.com
169,Barbi,Bonilla,Barbi.Bonilla@yopmail.com
505,Danny,Codding,Danny.Codding@yopmail.com
520,Carilyn,Laurianne,Carilyn.Laurianne@yopmail.com
296,Layla,Jacinda,Layla.Jacinda@yopmail.com
113,Konstance,Ciapas,Konstance.Ciapas@yopmail.com
690,Sadie,Zuzana,Sadie.Zuzana@yopmail.com
913,Kaja,Allina,Kaja.Allina@yopmail.com
643,Layla,Alarise,Layla.Alarise@yopmail.com
878,Rhea,Clie,Rhea.Clie@yopmail.com
797,Karlee,Hailee,Karlee.Hailee@yopmail.com
989,Mellicent,Darrell,Mellicent.Darrell@yopmail.com
926,Beatriz,Bach,Beatriz.Bach@yopmail.com
832,Brietta,Fax,Brietta.Fax@yopmail.com
397,Flo,Wandie,Flo.Wandie@yopmail.com
231,Deirdre,Carlson,Deirdre.Carlson@yopmail.com
157,Lanae,Felecia,Lanae.Felecia@yopmail.com
113,Heida,Modie,Heida.Modie@yopmail.com
271,Konstance,Sallyann,Konstance.Sallyann@yopmail.com
759,Gratia,Markman,Gratia.Markman@yopmail.com
706,Tarra,Tiffa,Tarra.Tiffa@yopmail.com
721,Clo,Dowski,Clo.Dowski@yopmail.com
433,Libbie,Meter,Libbie.Meter@yopmail.com
835,Jordan,Hebner,Jordan.Hebner@yopmail.com
851,Dacia,Clarissa,Dacia.Clarissa@yopmail.com
764,Rhoda,Malvino,Rhoda.Malvino@yopmail.com
864,Eugine,Engdahl,Eugine.Engdahl@yopmail.com
706,Merci,Azeria,Merci.Azeria@yopmail.com
794,Gratia,Sperling,Gratia.Sperling@yopmail.com
776,Celisse,Lymann,Celisse.Lymann@yopmail.com
153,Helena,Yusuk,Helena.Yusuk@yopmail.com
605,Gloria,Cressida,Gloria.Cressida@yopmail.com
702,Ketti,Persse,Ketti.Persse@yopmail.com
786,Nicoli,Florina,Nicoli.Florina@yopmail.com
816,Natka,Honoria,Natka.Honoria@yopmail.com
265,Imojean,Caitlin,Imojean.Caitlin@yopmail.com
602,Ernesta,Cadmar,Ernesta.Cadmar@yopmail.com
917,Cecile,Konyn,Cecile.Konyn@yopmail.com
321,Latisha,Santoro,Latisha.Santoro@yopmail.com
142,Elie,Colp,Elie.Colp@yopmail.com
623,Philis,Ellord,Philis.Ellord@yopmail.com
208,Winny,Behre,Winny.Behre@yopmail.com
893,Lynnea,Xerxes,Lynnea.Xerxes@yopmail.com
328,Lisette,Presber,Lisette.Presber@yopmail.com
235,Adelle,Saunderson,Adelle.Saunderson@yopmail.com
182,Lory,Rosemary,Lory.Rosemary@yopmail.com
650,Alexine,Shaddock,Alexine.Shaddock@yopmail.com
755,Leona,Iphlgenia,Leona.Iphlgenia@yopmail.com
566,Selma,Bakerman,Selma.Bakerman@yopmail.com
354,Nadine,Zrike,Nadine.Zrike@yopmail.com
542,Neila,Gino,Neila.Gino@yopmail.com
338,Vinita,Philoo,Vinita.Philoo@yopmail.com
214,Jasmina,Zola,Jasmina.Zola@yopmail.com
981,Blinni,Tillford,Blinni.Tillford@yopmail.com
357,Ardenia,Carlson,Ardenia.Carlson@yopmail.com
631,Beatriz,McCutcheon,Beatriz.McCutcheon@yopmail.com
421,Lizzie,Demitria,Lizzie.Demitria@yopmail.com
420,Elie,Maribeth,Elie.Maribeth@yopmail.com
926,Carolina,Honoria,Carolina.Honoria@yopmail.com
585,Stevana,Leler,Stevana.Leler@yopmail.com
151,Phylis,Socha,Phylis.Socha@yopmail.com
948,Gabriellia,LaRue,Gabriellia.LaRue@yopmail.com
560,Inga,Wolfgram,Inga.Wolfgram@yopmail.com
517,Bobbi,Nance,Bobbi.Nance@yopmail.com
264,Sashenka,Marcellus,Sashenka.Marcellus@yopmail.com
947,Lacie,Audly,Lacie.Audly@yopmail.com
993,Jan,Vharat,Jan.Vharat@yopmail.com
730,Christy,Ilka,Christy.Ilka@yopmail.com
638,Henriette,Zachary,Henriette.Zachary@yopmail.com
713,Lusa,Edmund,Lusa.Edmund@yopmail.com
174,Leeanne,Richers,Leeanne.Richers@yopmail.com
141,Jan,Poll,Jan.Poll@yopmail.com
815,Imojean,Ader,Imojean.Ader@yopmail.com
479,Mallory,Maisey,Mallory.Maisey@yopmail.com
914,Hyacinthe,Doig,Hyacinthe.Doig@yopmail.com
696,Sherrie,Ackerley,Sherrie.Ackerley@yopmail.com
968,Lolita,Raseda,Lolita.Raseda@yopmail.com
416,Shel,Orlene,Shel.Orlene@yopmail.com
651,Paola,Odysseus,Paola.Odysseus@yopmail.com
141,Harmonia,Papageno,Harmonia.Papageno@yopmail.com
150,Ariela,Jacinda,Ariela.Jacinda@yopmail.com
475,Sandie,Hermes,Sandie.Hermes@yopmail.com
819,Winny,Pauly,Winny.Pauly@yopmail.com
307,Di,Christal,Di.Christal@yopmail.com
780,Letizia,Alva,Letizia.Alva@yopmail.com
415,Chrystel,Kolnick,Chrystel.Kolnick@yopmail.com
126,Codie,Goerke,Codie.Goerke@yopmail.com
574,Claudina,Zamora,Claudina.Zamora@yopmail.com
688,Kimmy,Yuille,Kimmy.Yuille@yopmail.com
380,Kerrin,Vilma,Kerrin.Vilma@yopmail.com
651,Shell,Syd,Shell.Syd@yopmail.com
438,Halette,Carri,Halette.Carri@yopmail.com
252,Ayn,Glenden,Ayn.Glenden@yopmail.com
123,Catrina,Lilybelle,Catrina.Lilybelle@yopmail.com
252,Annabela,Fredi,Annabela.Fredi@yopmail.com
530,Joy,Giule,Joy.Giule@yopmail.com
350,Catrina,Ledah,Catrina.Ledah@yopmail.com
757,Althea,Ricki,Althea.Ricki@yopmail.com
809,Sherrie,Malvino,Sherrie.Malvino@yopmail.com
270,Annora,Muriel,Annora.Muriel@yopmail.com
779,Ingrid,Bryna,Ingrid.Bryna@yopmail.com
806,Wynne,Neva,Wynne.Neva@yopmail.com
108,Shaine,Ries,Shaine.Ries@yopmail.com
359,Oona,Dawkins,Oona.Dawkins@yopmail.com
375,Berta,Guildroy,Berta.Guildroy@yopmail.com
123,Feliza,Stephie,Feliza.Stephie@yopmail.com
594,Queenie,Sophronia,Queenie.Sophronia@yopmail.com
391,Michaelina,Lasley,Michaelina.Lasley@yopmail.com
585,Beth,Smitt,Beth.Smitt@yopmail.com
322,Vonny,Stilwell,Vonny.Stilwell@yopmail.com
345,Renie,Seessel,Renie.Seessel@yopmail.com
618,Barbi,Arne,Barbi.Arne@yopmail.com
868,Audrie,Vernier,Audrie.Vernier@yopmail.com
355,Melodie,Medrek,Melodie.Medrek@yopmail.com
355,Flo,Stuart,Flo.Stuart@yopmail.com
326,Ivett,Ciro,Ivett.Ciro@yopmail.com
205,Ebonee,Charity,Ebonee.Charity@yopmail.com
353,Lita,Colleen,Lita.Colleen@yopmail.com
900,Ida,Maples,Ida.Maples@yopmail.com
968,Queenie,Nicoline,Queenie.Nicoline@yopmail.com
865,Marita,Nelsen,Marita.Nelsen@yopmail.com
329,Larine,Olnee,Larine.Olnee@yopmail.com
868,Zia,Santoro,Zia.Santoro@yopmail.com
877,Silvana,Cordi,Silvana.Cordi@yopmail.com
896,Kate,Nance,Kate.Nance@yopmail.com
370,Lyssa,Concha,Lyssa.Concha@yopmail.com
703,Camile,Keelia,Camile.Keelia@yopmail.com
228,Andeee,Sparhawk,Andeee.Sparhawk@yopmail.com
178,Frank,Eldrid,Frank.Eldrid@yopmail.com
121,Annice,Keily,Annice.Keily@yopmail.com
639,Kayla,Wiener,Kayla.Wiener@yopmail.com
357,Luci,Pond,Luci.Pond@yopmail.com
240,Dorice,Fillbert,Dorice.Fillbert@yopmail.com
518,Alameda,Dunkin,Alameda.Dunkin@yopmail.com
896,Hollie,Montgomery,Hollie.Montgomery@yopmail.com
716,Xylina,Fiann,Xylina.Fiann@yopmail.com
820,Glenda,Marcellus,Glenda.Marcellus@yopmail.com
381,Collen,Gibbeon,Collen.Gibbeon@yopmail.com
672,Brynna,Ashely,Brynna.Ashely@yopmail.com
545,Allyce,Eugenia,Allyce.Eugenia@yopmail.com
769,Karina,Marijo,Karina.Marijo@yopmail.com
893,Feliza,Pip,Feliza.Pip@yopmail.com
583,Lenna,Orelee,Lenna.Orelee@yopmail.com
999,Mary,Baptlsta,Mary.Baptlsta@yopmail.com
232,Stacey,Irmine,Stacey.Irmine@yopmail.com
557,Wilma,Baylor,Wilma.Baylor@yopmail.com
807,Alameda,Colyer,Alameda.Colyer@yopmail.com
243,Lita,Edee,Lita.Edee@yopmail.com
566,Gui,Alcott,Gui.Alcott@yopmail.com
904,Cecile,Demitria,Cecile.Demitria@yopmail.com
418,Daune,Ciapas,Daune.Ciapas@yopmail.com
759,Gwyneth,Drus,Gwyneth.Drus@yopmail.com
806,Tera,Joli,Tera.Joli@yopmail.com
214,Shel,Rosalba,Shel.Rosalba@yopmail.com
699,Ada,Randene,Ada.Randene@yopmail.com
735,Maye,Love,Maye.Love@yopmail.com
873,Monika,Helfand,Monika.Helfand@yopmail.com
869,Barbi,Douglass,Barbi.Douglass@yopmail.com
238,Leontine,Mich,Leontine.Mich@yopmail.com
779,Shannah,Delp,Shannah.Delp@yopmail.com
748,Johna,Minetta,Johna.Minetta@yopmail.com
575,Shaylyn,Louanna,Shaylyn.Louanna@yopmail.com
582,Amara,Tannie,Amara.Tannie@yopmail.com
221,Georgina,Faust,Georgina.Faust@yopmail.com
559,Mara,Wyn,Mara.Wyn@yopmail.com
248,Carmencita,Thomasina,Carmencita.Thomasina@yopmail.com
531,Rayna,Laurianne,Rayna.Laurianne@yopmail.com
443,Linzy,Federica,Linzy.Federica@yopmail.com
538,Dacia,Madaih,Dacia.Madaih@yopmail.com
245,Vonny,Dichy,Vonny.Dichy@yopmail.com
503,Meriel,Jefferey,Meriel.Jefferey@yopmail.com
727,Sissy,Lutero,Sissy.Lutero@yopmail.com
559,Lory,Lacombe,Lory.Lacombe@yopmail.com
631,Nikki,Judye,Nikki.Judye@yopmail.com
372,Jolyn,Orpah,Jolyn.Orpah@yopmail.com
573,Karlee,Eliathas,Karlee.Eliathas@yopmail.com
206,Jorry,Adrienne,Jorry.Adrienne@yopmail.com
715,Jenda,Rooney,Jenda.Rooney@yopmail.com
965,Cacilie,Loring,Cacilie.Loring@yopmail.com
736,Fawne,Ludewig,Fawne.Ludewig@yopmail.com
848,Eadie,Wallis,Eadie.Wallis@yopmail.com
749,Lorie,Sadowski,Lorie.Sadowski@yopmail.com
752,Cyb,Ambrosia,Cyb.Ambrosia@yopmail.com
577,Tera,Grobe,Tera.Grobe@yopmail.com
203,Dennie,Felizio,Dennie.Felizio@yopmail.com
406,Gusty,Fredi,Gusty.Fredi@yopmail.com
869,Priscilla,Manolo,Priscilla.Manolo@yopmail.com
757,Yetty,Bronk,Yetty.Bronk@yopmail.com
335,Sidoney,Marden,Sidoney.Marden@yopmail.com
396,Nicoli,Philipp,Nicoli.Philipp@yopmail.com
722,Dianemarie,Blase,Dianemarie.Blase@yopmail.com
903,Marguerite,Linskey,Marguerite.Linskey@yopmail.com
104,Lucy,Donell,Lucy.Donell@yopmail.com
906,Christian,Helve,Christian.Helve@yopmail.com
709,Rosene,Stilwell,Rosene.Stilwell@yopmail.com
504,Sindee,Lowry,Sindee.Lowry@yopmail.com
233,Claudina,Mallon,Claudina.Mallon@yopmail.com
444,Jean,Ambrosia,Jean.Ambrosia@yopmail.com
879,Amelia,Shuler,Amelia.Shuler@yopmail.com
559,Hyacinthe,Jena,Hyacinthe.Jena@yopmail.com
452,Gaylene,Meli,Gaylene.Meli@yopmail.com
410,Sidoney,Arvo,Sidoney.Arvo@yopmail.com
415,Kimberley,Chandler,Kimberley.Chandler@yopmail.com
939,Gianina,Jena,Gianina.Jena@yopmail.com
615,Susette,Behre,Susette.Behre@yopmail.com
500,Sibella,Rooney,Sibella.Rooney@yopmail.com
212,Stephanie,McAdams,Stephanie.McAdams@yopmail.com
607,Ekaterina,Chesna,Ekaterina.Chesna@yopmail.com
819,Coral,Pitt,Coral.Pitt@yopmail.com
536,Pollyanna,Chandler,Pollyanna.Chandler@yopmail.com
155,Elfreda,Wildermuth,Elfreda.Wildermuth@yopmail.com
627,Carmela,Joachim,Carmela.Joachim@yopmail.com
463,Adele,Oster,Adele.Oster@yopmail.com
737,Vere,Hirsch,Vere.Hirsch@yopmail.com
865,Kary,Read,Kary.Read@yopmail.com
702,Lila,Edison,Lila.Edison@yopmail.com
224,Ardenia,Gusella,Ardenia.Gusella@yopmail.com
124,Dawn,Kunin,Dawn.Kunin@yopmail.com
512,Karena,Byrne,Karena.Byrne@yopmail.com
460,Nataline,Bahr,Nataline.Bahr@yopmail.com
504,Juliane,Ranjiv,Juliane.Ranjiv@yopmail.com
291,Malina,Hubert,Malina.Hubert@yopmail.com
779,Coral,Read,Coral.Read@yopmail.com
887,Robbi,Maroney,Robbi.Maroney@yopmail.com
333,Janeczka,Presber,Janeczka.Presber@yopmail.com
108,Hope,Bebe,Hope.Bebe@yopmail.com
107,Neila,Thunell,Neila.Thunell@yopmail.com
162,Eugine,Aida,Eugine.Aida@yopmail.com
346,Hildegaard,Trace,Hildegaard.Trace@yopmail.com
186,Marcy,Chem,Marcy.Chem@yopmail.com
913,Sara-Ann,Avi,Sara-Ann.Avi@yopmail.com
456,Fanny,Killigrew,Fanny.Killigrew@yopmail.com
396,Candy,Smitt,Candy.Smitt@yopmail.com
241,Adele,Grobe,Adele.Grobe@yopmail.com
535,Tybie,Elo,Tybie.Elo@yopmail.com
771,Wynne,Andrel,Wynne.Andrel@yopmail.com
271,Noelle,Lamoree,Noelle.Lamoree@yopmail.com
250,Magdalena,Jagir,Magdalena.Jagir@yopmail.com
687,Edyth,Stoller,Edyth.Stoller@yopmail.com
518,Marylou,Carleen,Marylou.Carleen@yopmail.com
159,Carmela,Breed,Carmela.Breed@yopmail.com
280,Nanete,Waite,Nanete.Waite@yopmail.com
687,Frieda,Schlosser,Frieda.Schlosser@yopmail.com
872,Ardeen,Tyson,Ardeen.Tyson@yopmail.com
570,Gwenneth,Jehu,Gwenneth.Jehu@yopmail.com
212,Evaleen,Gilbertson,Evaleen.Gilbertson@yopmail.com
380,Dulce,Manolo,Dulce.Manolo@yopmail.com
734,Elise,Cloris,Elise.Cloris@yopmail.com
480,Lilith,Janene,Lilith.Janene@yopmail.com
610,Krystle,Xerxes,Krystle.Xerxes@yopmail.com
663,Mahalia,Edee,Mahalia.Edee@yopmail.com
791,Cherilyn,Berriman,Cherilyn.Berriman@yopmail.com
703,Sallie,Carmena,Sallie.Carmena@yopmail.com
755,Dorice,Bivins,Dorice.Bivins@yopmail.com
615,Flo,Douglass,Flo.Douglass@yopmail.com
725,Norine,Delp,Norine.Delp@yopmail.com
153,Roslyn,Smitt,Roslyn.Smitt@yopmail.com
664,Ashlee,Tengdin,Ashlee.Tengdin@yopmail.com
103,Steffane,Gillan,Steffane.Gillan@yopmail.com
964,Bee,Geffner,Bee.Geffner@yopmail.com
466,Dede,Astra,Dede.Astra@yopmail.com
551,Tami,Kendrick,Tami.Kendrick@yopmail.com
293,Oralee,Johnsson,Oralee.Johnsson@yopmail.com
695,Dorthy,Orpah,Dorthy.Orpah@yopmail.com
945,Marjie,Mozelle,Marjie.Mozelle@yopmail.com
584,Di,Dichy,Di.Dichy@yopmail.com
302,Goldie,Greenwald,Goldie.Greenwald@yopmail.com
990,Britni,Bakerman,Britni.Bakerman@yopmail.com
632,Aurelie,Merat,Aurelie.Merat@yopmail.com
398,Katuscha,Desai,Katuscha.Desai@yopmail.com
369,Marti,Arquit,Marti.Arquit@yopmail.com
344,Ulrike,Crudden,Ulrike.Crudden@yopmail.com
664,Donetta,Kathie,Donetta.Kathie@yopmail.com
681,Ingrid,Carleen,Ingrid.Carleen@yopmail.com
251,Valli,Rillings,Valli.Rillings@yopmail.com
193,Sindee,Raul,Sindee.Raul@yopmail.com
790,Maisey,Delacourt,Maisey.Delacourt@yopmail.com
299,Kerrin,Vins,Kerrin.Vins@yopmail.com
237,Sindee,Minetta,Sindee.Minetta@yopmail.com
963,Arabel,Catie,Arabel.Catie@yopmail.com
970,Caressa,Fabiola,Caressa.Fabiola@yopmail.com
349,Annaliese,Tybald,Annaliese.Tybald@yopmail.com
212,Candy,Giff,Candy.Giff@yopmail.com
401,Adelle,Bury,Adelle.Bury@yopmail.com
803,Magdalena,Egbert,Magdalena.Egbert@yopmail.com
577,Nickie,Buffum,Nickie.Buffum@yopmail.com
440,Christian,Maxi,Christian.Maxi@yopmail.com
230,Frieda,Waite,Frieda.Waite@yopmail.com
672,Ada,Seagraves,Ada.Seagraves@yopmail.com
178,Alejandra,Linehan,Alejandra.Linehan@yopmail.com
741,Elvira,Billye,Elvira.Billye@yopmail.com
478,Allis,Marijo,Allis.Marijo@yopmail.com
201,Rhoda,Sawtelle,Rhoda.Sawtelle@yopmail.com
122,Ida,Alabaster,Ida.Alabaster@yopmail.com
223,Zondra,Jammal,Zondra.Jammal@yopmail.com
758,Jemie,Curren,Jemie.Curren@yopmail.com
721,Noelle,Hutchison,Noelle.Hutchison@yopmail.com
738,Kylynn,Natica,Kylynn.Natica@yopmail.com
764,Gwyneth,Tice,Gwyneth.Tice@yopmail.com
963,Bibby,Serilda,Bibby.Serilda@yopmail.com
890,Isa,Joseph,Isa.Joseph@yopmail.com
856,Marsiella,Kimmie,Marsiella.Kimmie@yopmail.com
614,Sean,Odysseus,Sean.Odysseus@yopmail.com
180,Kristan,Adamsen,Kristan.Adamsen@yopmail.com
955,Carly,Dermott,Carly.Dermott@yopmail.com
274,Karolina,Havens,Karolina.Havens@yopmail.com
638,Elise,Malanie,Elise.Malanie@yopmail.com
369,Gretal,Khorma,Gretal.Khorma@yopmail.com
278,Tracey,Clarissa,Tracey.Clarissa@yopmail.com
681,Lyssa,Paine,Lyssa.Paine@yopmail.com
597,Winifred,Norrie,Winifred.Norrie@yopmail.com
168,Carol-Jean,Gaspard,Carol-Jean.Gaspard@yopmail.com
408,Linzy,Waldron,Linzy.Waldron@yopmail.com
837,Mathilda,Paine,Mathilda.Paine@yopmail.com
691,Corene,Helfand,Corene.Helfand@yopmail.com
749,Abbie,Milde,Abbie.Milde@yopmail.com
449,Rosaline,Nikaniki,Rosaline.Nikaniki@yopmail.com
268,Elyssa,Salvidor,Elyssa.Salvidor@yopmail.com
656,Sam,Natalia,Sam.Natalia@yopmail.com
286,Berget,Lytton,Berget.Lytton@yopmail.com
182,Sean,Lanita,Sean.Lanita@yopmail.com
721,Carmencita,Odell,Carmencita.Odell@yopmail.com
914,Gwenneth,Telfer,Gwenneth.Telfer@yopmail.com
272,Corina,Havens,Corina.Havens@yopmail.com
665,Emylee,Olin,Emylee.Olin@yopmail.com
388,Dode,Wyn,Dode.Wyn@yopmail.com
311,Hayley,Marsden,Hayley.Marsden@yopmail.com
985,Bill,Land,Bill.Land@yopmail.com
601,Luci,Raychel,Luci.Raychel@yopmail.com
489,Sheelagh,Kaja,Sheelagh.Kaja@yopmail.com
823,Renae,Ivens,Renae.Ivens@yopmail.com
485,Dulce,Bahr,Dulce.Bahr@yopmail.com
499,Rhoda,Calhoun,Rhoda.Calhoun@yopmail.com
524,Sheree,Carleen,Sheree.Carleen@yopmail.com
399,Angelique,Garek,Angelique.Garek@yopmail.com
409,Angela,Klemperer,Angela.Klemperer@yopmail.com
465,Corene,Lunsford,Corene.Lunsford@yopmail.com
613,Gloria,McCutcheon,Gloria.McCutcheon@yopmail.com
873,Gloria,Raama,Gloria.Raama@yopmail.com
813,Brana,Gunn,Brana.Gunn@yopmail.com
361,Georgina,Warthman,Georgina.Warthman@yopmail.com
689,Aubrie,Smitt,Aubrie.Smitt@yopmail.com
308,Ann-Marie,Alarise,Ann-Marie.Alarise@yopmail.com
816,Jsandye,Blase,Jsandye.Blase@yopmail.com
505,Debee,Maples,Debee.Maples@yopmail.com
616,Clary,Meter,Clary.Meter@yopmail.com
490,Marita,Michella,Marita.Michella@yopmail.com
393,Ericka,Darrell,Ericka.Darrell@yopmail.com
143,Rivalee,Swanhildas,Rivalee.Swanhildas@yopmail.com
871,Deirdre,Jotham,Deirdre.Jotham@yopmail.com
578,Dawn,Manolo,Dawn.Manolo@yopmail.com
252,Mignon,Hirsch,Mignon.Hirsch@yopmail.com
667,Orelia,Sothena,Orelia.Sothena@yopmail.com
974,Blake,Salchunas,Blake.Salchunas@yopmail.com
767,Kate,Elvyn,Kate.Elvyn@yopmail.com
161,Drucie,Lasley,Drucie.Lasley@yopmail.com
172,Sheelagh,Huggins,Sheelagh.Huggins@yopmail.com
563,Fanchon,Howlyn,Fanchon.Howlyn@yopmail.com
750,Inga,Bow,Inga.Bow@yopmail.com
205,Alia,Bates,Alia.Bates@yopmail.com
886,Hettie,Nickola,Hettie.Nickola@yopmail.com
423,Marguerite,Joni,Marguerite.Joni@yopmail.com
719,Millie,Wenda,Millie.Wenda@yopmail.com
434,Malina,Wadell,Malina.Wadell@yopmail.com
995,Delilah,Torray,Delilah.Torray@yopmail.com
998,Minda,Claudine,Minda.Claudine@yopmail.com
194,Danika,Meli,Danika.Meli@yopmail.com
202,Annice,Artie,Annice.Artie@yopmail.com
578,Dyann,Rona,Dyann.Rona@yopmail.com
638,Jaclyn,Slifka,Jaclyn.Slifka@yopmail.com
888,Tierney,Pernick,Tierney.Pernick@yopmail.com
712,Joelly,Tayib,Joelly.Tayib@yopmail.com
755,Modestia,Wolfgram,Modestia.Wolfgram@yopmail.com
265,Tracey,Lynn,Tracey.Lynn@yopmail.com
173,Coral,Keily,Coral.Keily@yopmail.com
335,Maud,Fitzsimmons,Maud.Fitzsimmons@yopmail.com
686,Vere,Tjon,Vere.Tjon@yopmail.com
372,Alameda,Socha,Alameda.Socha@yopmail.com
272,Micheline,Slifka,Micheline.Slifka@yopmail.com
350,Annice,Love,Annice.Love@yopmail.com
258,Maye,Ashok,Maye.Ashok@yopmail.com
830,Veda,Dermott,Veda.Dermott@yopmail.com
857,Estell,Garlinda,Estell.Garlinda@yopmail.com
477,Tybie,Jacinda,Tybie.Jacinda@yopmail.com
761,Tina,Genna,Tina.Genna@yopmail.com
492,Daryl,Gamaliel,Daryl.Gamaliel@yopmail.com
446,Ernesta,Woodberry,Ernesta.Woodberry@yopmail.com
732,Lucille,Shanley,Lucille.Shanley@yopmail.com
190,Shel,Kosey,Shel.Kosey@yopmail.com
885,Dede,Hazlett,Dede.Hazlett@yopmail.com
856,Nanete,Georas,Nanete.Georas@yopmail.com
776,Berta,Fosque,Berta.Fosque@yopmail.com
786,Constance,Baudin,Constance.Baudin@yopmail.com
730,Lanae,Brotherson,Lanae.Brotherson@yopmail.com
991,Lelah,Frodi,Lelah.Frodi@yopmail.com
448,Agnese,Alabaster,Agnese.Alabaster@yopmail.com
324,Wynne,Ardra,Wynne.Ardra@yopmail.com
226,Raquela,Janene,Raquela.Janene@yopmail.com
243,Jasmina,Sekofski,Jasmina.Sekofski@yopmail.com
104,Feliza,Moina,Feliza.Moina@yopmail.com
647,Gui,Chaing,Gui.Chaing@yopmail.com
776,Lorne,Bendick,Lorne.Bendick@yopmail.com